tx_id,utr5_sequence,cds_sequence,split,SystematicName,Protein_abundance,pred_TE_5U
RPL8A_181,CCGACGCAAACAAATTGGAAAAACCAACGCAAAAAAAAAAAGACGCTAAATTGTTTATAAAGGCGAGGAATTTGTATCTATCAATTACTATTCCAGTTGTCAGTTTACATTGCTTACCCTCTATTATCACATCAAAACAAAAACGTCAAT,ATGGTGAGCAAGGGCGAGGAGCTGTTCACCGGGGTGGTGCCCATCCTGGTC,test,RPL8A,12.0822957045443,0.0210465714335441
RPL8A_185,CCGACGCAAACAAATTGGAAAAACCAACGCAAAAAAAAAAAGACGCTAAATTGTTTATAAAGGCGAGGAATTTGTATCTATCAATTACTATTCCAGTTGTCAGTTTACATTGCTTACCCTCTATTATCACATCAAAACAAAACAAGCAAT,ATGGTGAGCAAGGGCGAGGAGCTGTTCACCGGGGTGGTGCCCATCCTGGTC,test,RPL8A,12.2202674619203,0.0373588427901268
RPL8A_187,CCGACGCAAACAAATTGGAAAAACCAACGCAAAAAAAAAAAGACGCTAAATTGTTTATAAAGGCGAGGAATTTGTATCTATCAATTACTATTCCAGTTGTCAGTTTACATTGCTTACCCTCTATTATCACATCAAAACAAACAATCCAAT,ATGGTGAGCAAGGGCGAGGAGCTGTTCACCGGGGTGGTGCCCATCCTGGTC,test,RPL8A,12.9197479902925,0.2561000883579254
RPL8A_199,CCGACGCAAACAAATTGGAAAAACCAACGCAAAAAAAAAAAGACGCTAAATTGTTTATAAAGGCGAGGAATTTGTATCTATCAATTACTATTCCAGTTGTCAGTTTACATTGCTTACCCTCTATTATCACATCAAAACAAGCACATAAAT,ATGGTGAGCAAGGGCGAGGAGCTGTTCACCGGGGTGGTGCCCATCCTGGTC,test,RPL8A,12.4354428219372,0.0855333656072616
RPL8A_205,CCGACGCAAACAAATTGGAAAAACCAACGCAAAAAAAAAAAGACGCTAAATTGTTTATAAAGGCGAGGAATTTGTATCTATCAATTACTATTCCAGTTGTCAGTTTACATTGCTTACCCTCTATTATCACATCAAAACAAAACAAGAAAT,ATGGTGAGCAAGGGCGAGGAGCTGTTCACCGGGGTGGTGCCCATCCTGGTC,test,RPL8A,12.0997117538157,0.2102272510528564
RPL8A_499,CCGACGCAAACAAATTGGAAAAACCAACGCAAAAAAAAAAAGACGCTAAATTGTTTATAAAGGCGAGGAATTTGTATCTATCAATTACTATTCCAGTTGTCAGTTTACATTGCTTACCCTCTATTATCACATCAAAACAACGTATCCATC,ATGGTGAGCAAGGGCGAGGAGCTGTTCACCGGGGTGGTGCCCATCCTGGTC,test,RPL8A,11.9924645691132,0.0816301256418228
RPL8A_506,CCGACGCAAACAAATTGGAAAAACCAACGCAAAAAAAAAAAGACGCTAAATTGTTTATAAAGGCGAGGAATTTGTATCTATCAATTACTATTCCAGTTGTCAGTTTACATTGCTTACCCTCTATTATCACATCAAAACAATATAGGAATC,ATGGTGAGCAAGGGCGAGGAGCTGTTCACCGGGGTGGTGCCCATCCTGGTC,test,RPL8A,12.094797229469,0.301240861415863
RPL8A_515,CCGACGCAAACAAATTGGAAAAACCAACGCAAAAAAAAAAAGACGCTAAATTGTTTATAAAGGCGAGGAATTTGTATCTATCAATTACTATTCCAGTTGTCAGTTTACATTGCTTACCCTCTATTATCACATCAAAACAAATAACAAATC,ATGGTGAGCAAGGGCGAGGAGCTGTTCACCGGGGTGGTGCCCATCCTGGTC,test,RPL8A,12.4549426686746,0.1595528721809387
RPL8A_587,CCGACGCAAACAAATTGGAAAAACCAACGCAAAAAAAAAAAGACGCTAAATTGTTTATAAAGGCGAGGAATTTGTATCTATCAATTACTATTCCAGTTGTCAGTTTACATTGCTTACCCTCTATTATCACATCAAAACAATATACGAAGC,ATGGTGAGCAAGGGCGAGGAGCTGTTCACCGGGGTGGTGCCCATCCTGGTC,test,RPL8A,12.4354911114977,0.1447648853063583
RPL8A_1014,CCGACGCAAACAAATTGGAAAAACCAACGCAAAAAAAAAAAGACGCTAAATTGTTTATAAAGGCGAGGAATTTGTATCTATCAATTACTATTCCAGTTGTCAGTTTACATTGCTTACCCTCTATTATCACATCAAAACAACAAACTTAAC,ATGGTGAGCAAGGGCGAGGAGCTGTTCACCGGGGTGGTGCCCATCCTGGTC,test,RPL8A,12.185310359197,0.0613921359181404
RPL8A_1025,CCGACGCAAACAAATTGGAAAAACCAACGCAAAAAAAAAAAGACGCTAAATTGTTTATAAAGGCGAGGAATTTGTATCTATCAATTACTATTCCAGTTGTCAGTTTACATTGCTTACCCTCTATTATCACATCAAAACAACGAATCGAAC,ATGGTGAGCAAGGGCGAGGAGCTGTTCACCGGGGTGGTGCCCATCCTGGTC,test,RPL8A,12.8232262029258,0.2395592331886291
RPL8A_1071,CCGACGCAAACAAATTGGAAAAACCAACGCAAAAAAAAAAAGACGCTAAATTGTTTATAAAGGCGAGGAATTTGTATCTATCAATTACTATTCCAGTTGTCAGTTTACATTGCTTACCCTCTATTATCACATCAAAACAACGCAATAAAC,ATGGTGAGCAAGGGCGAGGAGCTGTTCACCGGGGTGGTGCCCATCCTGGTC,test,RPL8A,12.3717615102514,0.021815912798047
RPL8A_1076,CCGACGCAAACAAATTGGAAAAACCAACGCAAAAAAAAAAAGACGCTAAATTGTTTATAAAGGCGAGGAATTTGTATCTATCAATTACTATTCCAGTTGTCAGTTTACATTGCTTACCCTCTATTATCACATCAAAACAAACAACGAAAC,ATGGTGAGCAAGGGCGAGGAGCTGTTCACCGGGGTGGTGCCCATCCTGGTC,test,RPL8A,12.2237178246778,0.1179980337619781
RPL8A_1082,CCGACGCAAACAAATTGGAAAAACCAACGCAAAAAAAAAAAGACGCTAAATTGTTTATAAAGGCGAGGAATTTGTATCTATCAATTACTATTCCAGTTGTCAGTTTACATTGCTTACCCTCTATTATCACATCAAAACAATCATTCAAAC,ATGGTGAGCAAGGGCGAGGAGCTGTTCACCGGGGTGGTGCCCATCCTGGTC,test,RPL8A,12.2333634686162,0.0424561165273189
RPL8A_1093,CCGACGCAAACAAATTGGAAAAACCAACGCAAAAAAAAAAAGACGCTAAATTGTTTATAAAGGCGAGGAATTTGTATCTATCAATTACTATTCCAGTTGTCAGTTTACATTGCTTACCCTCTATTATCACATCAAAACAATCAAACAAAC,ATGGTGAGCAAGGGCGAGGAGCTGTTCACCGGGGTGGTGCCCATCCTGGTC,test,RPL8A,12.0376433757451,0.3536193370819092
RPL8A_1094,CCGACGCAAACAAATTGGAAAAACCAACGCAAAAAAAAAAAGACGCTAAATTGTTTATAAAGGCGAGGAATTTGTATCTATCAATTACTATTCCAGTTGTCAGTTTACATTGCTTACCCTCTATTATCACATCAAAACAACAAAACAAAC,ATGGTGAGCAAGGGCGAGGAGCTGTTCACCGGGGTGGTGCCCATCCTGGTC,test,RPL8A,12.1633073615238,0.0395451039075851
RPL8A_1095,CCGACGCAAACAAATTGGAAAAACCAACGCAAAAAAAAAAAGACGCTAAATTGTTTATAAAGGCGAGGAATTTGTATCTATCAATTACTATTCCAGTTGTCAGTTTACATTGCTTACCCTCTATTATCACATCAAAACAAGAAGTAAAAC,ATGGTGAGCAAGGGCGAGGAGCTGTTCACCGGGGTGGTGCCCATCCTGGTC,test,RPL8A,13.2867054341566,0.0264488831162452
RPL8A_1098,CCGACGCAAACAAATTGGAAAAACCAACGCAAAAAAAAAAAGACGCTAAATTGTTTATAAAGGCGAGGAATTTGTATCTATCAATTACTATTCCAGTTGTCAGTTTACATTGCTTACCCTCTATTATCACATCAAAACAAGAAAGAAAAC,ATGGTGAGCAAGGGCGAGGAGCTGTTCACCGGGGTGGTGCCCATCCTGGTC,test,RPL8A,12.6563520534121,0.0325774513185024
RPL8A_1171,CCGACGCAAACAAATTGGAAAAACCAACGCAAAAAAAAAAAGACGCTAAATTGTTTATAAAGGCGAGGAATTTGTATCTATCAATTACTATTCCAGTTGTCAGTTTACATTGCTTACCCTCTATTATCACATCAAAACAAAGAACATATA,ATGGTGAGCAAGGGCGAGGAGCTGTTCACCGGGGTGGTGCCCATCCTGGTC,test,RPL8A,12.4731575221344,0.0812183320522308
RPL8A_1180,CCGACGCAAACAAATTGGAAAAACCAACGCAAAAAAAAAAAGACGCTAAATTGTTTATAAAGGCGAGGAATTTGTATCTATCAATTACTATTCCAGTTGTCAGTTTACATTGCTTACCCTCTATTATCACATCAAAACAAGAATTCCATA,ATGGTGAGCAAGGGCGAGGAGCTGTTCACCGGGGTGGTGCCCATCCTGGTC,test,RPL8A,13.0039669799175,0.0521466247737407
RPL8A_1189,CCGACGCAAACAAATTGGAAAAACCAACGCAAAAAAAAAAAGACGCTAAATTGTTTATAAAGGCGAGGAATTTGTATCTATCAATTACTATTCCAGTTGTCAGTTTACATTGCTTACCCTCTATTATCACATCAAAACAAACCGCACATA,ATGGTGAGCAAGGGCGAGGAGCTGTTCACCGGGGTGGTGCCCATCCTGGTC,test,RPL8A,12.6454442575313,0.1443913280963897
RPL8A_1192,CCGACGCAAACAAATTGGAAAAACCAACGCAAAAAAAAAAAGACGCTAAATTGTTTATAAAGGCGAGGAATTTGTATCTATCAATTACTATTCCAGTTGTCAGTTTACATTGCTTACCCTCTATTATCACATCAAAACAAAACAAACATA,ATGGTGAGCAAGGGCGAGGAGCTGTTCACCGGGGTGGTGCCCATCCTGGTC,test,RPL8A,13.352019391788,0.0499965138733387
RPL8A_1205,CCGACGCAAACAAATTGGAAAAACCAACGCAAAAAAAAAAAGACGCTAAATTGTTTATAAAGGCGAGGAATTTGTATCTATCAATTACTATTCCAGTTGTCAGTTTACATTGCTTACCCTCTATTATCACATCAAAACAACAGGAAAATA,ATGGTGAGCAAGGGCGAGGAGCTGTTCACCGGGGTGGTGCCCATCCTGGTC,test,RPL8A,12.0411057291673,0.0307794529944658
RPL8A_1206,CCGACGCAAACAAATTGGAAAAACCAACGCAAAAAAAAAAAGACGCTAAATTGTTTATAAAGGCGAGGAATTTGTATCTATCAATTACTATTCCAGTTGTCAGTTTACATTGCTTACCCTCTATTATCACATCAAAACAAGAAAAAAATA,ATGGTGAGCAAGGGCGAGGAGCTGTTCACCGGGGTGGTGCCCATCCTGGTC,test,RPL8A,12.0940466149743,0.022235257551074
RPL8A_1287,CCGACGCAAACAAATTGGAAAAACCAACGCAAAAAAAAAAAGACGCTAAATTGTTTATAAAGGCGAGGAATTTGTATCTATCAATTACTATTCCAGTTGTCAGTTTACATTGCTTACCCTCTATTATCACATCAAAACAACGAAAGCAGA,ATGGTGAGCAAGGGCGAGGAGCTGTTCACCGGGGTGGTGCCCATCCTGGTC,test,RPL8A,12.0827302859194,0.0832260698080062
RPL8A_1297,CCGACGCAAACAAATTGGAAAAACCAACGCAAAAAAAAAAAGACGCTAAATTGTTTATAAAGGCGAGGAATTTGTATCTATCAATTACTATTCCAGTTGTCAGTTTACATTGCTTACCCTCTATTATCACATCAAAACAACAAATTAAGA,ATGGTGAGCAAGGGCGAGGAGCTGTTCACCGGGGTGGTGCCCATCCTGGTC,test,RPL8A,12.7996081341818,0.1846655905246734
RPL8A_1315,CCGACGCAAACAAATTGGAAAAACCAACGCAAAAAAAAAAAGACGCTAAATTGTTTATAAAGGCGAGGAATTTGTATCTATCAATTACTATTCCAGTTGTCAGTTTACATTGCTTACCCTCTATTATCACATCAAAACAACCCAACAAGA,ATGGTGAGCAAGGGCGAGGAGCTGTTCACCGGGGTGGTGCCCATCCTGGTC,test,RPL8A,12.0309862688476,0.1058271750807762
RPL8A_1317,CCGACGCAAACAAATTGGAAAAACCAACGCAAAAAAAAAAAGACGCTAAATTGTTTATAAAGGCGAGGAATTTGTATCTATCAATTACTATTCCAGTTGTCAGTTTACATTGCTTACCCTCTATTATCACATCAAAACAACAGGTAAAGA,ATGGTGAGCAAGGGCGAGGAGCTGTTCACCGGGGTGGTGCCCATCCTGGTC,test,RPL8A,12.3730956375459,0.0559269562363624
RPL8A_1369,CCGACGCAAACAAATTGGAAAAACCAACGCAAAAAAAAAAAGACGCTAAATTGTTTATAAAGGCGAGGAATTTGTATCTATCAATTACTATTCCAGTTGTCAGTTTACATTGCTTACCCTCTATTATCACATCAAAACAACTAAGCTGCA,ATGGTGAGCAAGGGCGAGGAGCTGTTCACCGGGGTGGTGCCCATCCTGGTC,test,RPL8A,12.0236216308283,0.3423935174942016
RPL8A_1637,CCGACGCAAACAAATTGGAAAAACCAACGCAAAAAAAAAAAGACGCTAAATTGTTTATAAAGGCGAGGAATTTGTATCTATCAATTACTATTCCAGTTGTCAGTTTACATTGCTTACCCTCTATTATCACATCAAAACAAGAACAAAACA,ATGGTGAGCAAGGGCGAGGAGCTGTTCACCGGGGTGGTGCCCATCCTGGTC,test,RPL8A,12.0406776668035,0.2765937745571136
RPL8A_1702,CCGACGCAAACAAATTGGAAAAACCAACGCAAAAAAAAAAAGACGCTAAATTGTTTATAAAGGCGAGGAATTTGTATCTATCAATTACTATTCCAGTTGTCAGTTTACATTGCTTACCCTCTATTATCACATCAAAACAACTAATTCGAA,ATGGTGAGCAAGGGCGAGGAGCTGTTCACCGGGGTGGTGCCCATCCTGGTC,test,RPL8A,12.2094003471698,0.1031040549278259
RPL8A_1711,CCGACGCAAACAAATTGGAAAAACCAACGCAAAAAAAAAAAGACGCTAAATTGTTTATAAAGGCGAGGAATTTGTATCTATCAATTACTATTCCAGTTGTCAGTTTACATTGCTTACCCTCTATTATCACATCAAAACAACTAATCCGAA,ATGGTGAGCAAGGGCGAGGAGCTGTTCACCGGGGTGGTGCCCATCCTGGTC,test,RPL8A,12.1233730875333,0.394599974155426
RPL8A_1732,CCGACGCAAACAAATTGGAAAAACCAACGCAAAAAAAAAAAGACGCTAAATTGTTTATAAAGGCGAGGAATTTGTATCTATCAATTACTATTCCAGTTGTCAGTTTACATTGCTTACCCTCTATTATCACATCAAAACAACAGATCAGAA,ATGGTGAGCAAGGGCGAGGAGCTGTTCACCGGGGTGGTGCCCATCCTGGTC,test,RPL8A,12.294998898799,0.3091403543949127
RPL8A_1740,CCGACGCAAACAAATTGGAAAAACCAACGCAAAAAAAAAAAGACGCTAAATTGTTTATAAAGGCGAGGAATTTGTATCTATCAATTACTATTCCAGTTGTCAGTTTACATTGCTTACCCTCTATTATCACATCAAAACAAGTACACAGAA,ATGGTGAGCAAGGGCGAGGAGCTGTTCACCGGGGTGGTGCCCATCCTGGTC,test,RPL8A,12.0389182801498,0.0196297615766525
RPL8A_1751,CCGACGCAAACAAATTGGAAAAACCAACGCAAAAAAAAAAAGACGCTAAATTGTTTATAAAGGCGAGGAATTTGTATCTATCAATTACTATTCCAGTTGTCAGTTTACATTGCTTACCCTCTATTATCACATCAAAACAAGCTACAAGAA,ATGGTGAGCAAGGGCGAGGAGCTGTTCACCGGGGTGGTGCCCATCCTGGTC,test,RPL8A,12.4442484486501,0.034228291362524
RPL8A_1766,CCGACGCAAACAAATTGGAAAAACCAACGCAAAAAAAAAAAGACGCTAAATTGTTTATAAAGGCGAGGAATTTGTATCTATCAATTACTATTCCAGTTGTCAGTTTACATTGCTTACCCTCTATTATCACATCAAAACAACTAAGCTCAA,ATGGTGAGCAAGGGCGAGGAGCTGTTCACCGGGGTGGTGCCCATCCTGGTC,test,RPL8A,12.7498766200033,0.0611709058284759
RPL8A_1843,CCGACGCAAACAAATTGGAAAAACCAACGCAAAAAAAAAAAGACGCTAAATTGTTTATAAAGGCGAGGAATTTGTATCTATCAATTACTATTCCAGTTGTCAGTTTACATTGCTTACCCTCTATTATCACATCAAAACAAGAATCTACAA,ATGGTGAGCAAGGGCGAGGAGCTGTTCACCGGGGTGGTGCCCATCCTGGTC,test,RPL8A,12.2066605965836,0.0759754553437233
RPL8A_1854,CCGACGCAAACAAATTGGAAAAACCAACGCAAAAAAAAAAAGACGCTAAATTGTTTATAAAGGCGAGGAATTTGTATCTATCAATTACTATTCCAGTTGTCAGTTTACATTGCTTACCCTCTATTATCACATCAAAACAAACCCGCACAA,ATGGTGAGCAAGGGCGAGGAGCTGTTCACCGGGGTGGTGCCCATCCTGGTC,test,RPL8A,12.2527502333878,0.0725156217813491
RPL8A_1897,CCGACGCAAACAAATTGGAAAAACCAACGCAAAAAAAAAAAGACGCTAAATTGTTTATAAAGGCGAGGAATTTGTATCTATCAATTACTATTCCAGTTGTCAGTTTACATTGCTTACCCTCTATTATCACATCAAAACAATAAAGATAAA,ATGGTGAGCAAGGGCGAGGAGCTGTTCACCGGGGTGGTGCCCATCCTGGTC,test,RPL8A,13.1846117359658,0.0694971457123756
RPL8A_1907,CCGACGCAAACAAATTGGAAAAACCAACGCAAAAAAAAAAAGACGCTAAATTGTTTATAAAGGCGAGGAATTTGTATCTATCAATTACTATTCCAGTTGTCAGTTTACATTGCTTACCCTCTATTATCACATCAAAACAAAATAACGAAA,ATGGTGAGCAAGGGCGAGGAGCTGTTCACCGGGGTGGTGCCCATCCTGGTC,test,RPL8A,13.4570322356459,0.0377051457762718
RPL8A_1973,CCGACGCAAACAAATTGGAAAAACCAACGCAAAAAAAAAAAGACGCTAAATTGTTTATAAAGGCGAGGAATTTGTATCTATCAATTACTATTCCAGTTGTCAGTTTACATTGCTTACCCTCTATTATCACATCAAAACAAACAACTAAAA,ATGGTGAGCAAGGGCGAGGAGCTGTTCACCGGGGTGGTGCCCATCCTGGTC,test,RPL8A,12.5654132538393,0.249850332736969
RPL8A_1983,CCGACGCAAACAAATTGGAAAAACCAACGCAAAAAAAAAAAGACGCTAAATTGTTTATAAAGGCGAGGAATTTGTATCTATCAATTACTATTCCAGTTGTCAGTTTACATTGCTTACCCTCTATTATCACATCAAAACAAAACAAGAAAA,ATGGTGAGCAAGGGCGAGGAGCTGTTCACCGGGGTGGTGCCCATCCTGGTC,test,RPL8A,13.7003609562916,0.0925168618559837
RPL8A_1990,CCGACGCAAACAAATTGGAAAAACCAACGCAAAAAAAAAAAGACGCTAAATTGTTTATAAAGGCGAGGAATTTGTATCTATCAATTACTATTCCAGTTGTCAGTTTACATTGCTTACCCTCTATTATCACATCAAAACAAACCAGCAAAA,ATGGTGAGCAAGGGCGAGGAGCTGTTCACCGGGGTGGTGCCCATCCTGGTC,test,RPL8A,12.6748913980394,0.0263294298201799
RPL8A_2010,CCGACGCAAACAAATTGGAAAAACCAACGCAAAAAAAAAAAGACGCTAAATTGTTTATAAAGGCGAGGAATTTGTATCTATCAATTACTATTCCAGTTGTCAGTTTACATTGCTTACCCTCTATTATCACATCAAAACAACAAGGAAAAA,ATGGTGAGCAAGGGCGAGGAGCTGTTCACCGGGGTGGTGCCCATCCTGGTC,test,RPL8A,13.2939614854874,0.0423531308770179
RPL8A_2012,CCGACGCAAACAAATTGGAAAAACCAACGCAAAAAAAAAAAGACGCTAAATTGTTTATAAAGGCGAGGAATTTGTATCTATCAATTACTATTCCAGTTGTCAGTTTACATTGCTTACCCTCTATTATCACATCAAAACAACGTAGAAAAA,ATGGTGAGCAAGGGCGAGGAGCTGTTCACCGGGGTGGTGCCCATCCTGGTC,test,RPL8A,13.3384696762602,0.0434929206967353
